{
    "Ramy": 435833.0,
    "Zizyso": 488841.0,
    "Lygu": 132902.0,
    "Lykyh": 160945.21448852436,
    "Ahin": 75934.01588846635,
    "Aqadosu": 439612.3783265603,
    "Lasy": 195220.0,
    "Nevu": 312566.0,
    "Fazef": 635423.9561421198,
    "Ofulana": 120769.2534314752
}